,Company/Brand,Sector,HeadQuarter,Amount(M$)
0,1Bridge,Consumer Goods,Bangalore,2.5
1,1K Kirana Bazaar,Retail,Gurugram,7.0
2,1MG,Healthtech,Gurugram,9.9
3,21K School,E-learning,Bangalore,5.0
4,3SC,Logistics,Gurugram,15.0
5,3one4 Capital,Venture capital,Bangalore,100.0
6,4Fin,Financial Services,Pune,1.1
7,4baseCare,HealthTech,Bangalore,2.0
8,5C Network,HealthTech,Bangalore,1.2
9,6Degree,Fashion,Mumbai,0.34
10,6Degree,Retail,Mumbai,1.0
11,88academics,Education,New Delhi,3.0
12,8i Ventures,Venture Capital & Private Equity,Mumbai,50.0
13,90+ My Tuition App,EdTech,Bangalore,5.0
14,91springboard,Coworking,Delhi,5.94
15,ABL Workspaces,Hospitality,New Delhi,0.6
16,ACKO,InsureTech,Mumbai,60.0
17,AFK Gaming,Entertainment,Mumbai,0.2
18,AMPM,E-commerce,Gurugram,0.2
19,ANS Commerce,E-commerce,Gurugram,2.2
20,ANSR,Consulting,Bangalore,15.0
21,ASQI Advisors,Financial Services,Mumbai,1.0
22,Aavenir,SaaS,Ahmedabad,2.0
23,Able Jobs,HR,Bangalore,2.0
24,Acculi Labs,Healthcare,Bangalore,0.6
25,AcknoLedger,Crypto,Mumbai,1.5
26,Acko,Insurance,Bangalore,255.0
27,Adda247,E-learning,Gurugram,20.0
28,AdonMo,Ad-tech,Bangalore,3.0
29,Advantage Club,HR Tech,Gurugram,3.3
30,Advantage Club,HRTech,Mumbai,1.7
31,Aerchain,Computer Software,Bangalore,3.0
32,AgNext,AgriTech,Chandigarh,21.0
33,Agnikul,SpaceTech,Chennai,11.0
34,Agnikul,Spacetech,Chennai,3.148
35,AgroStar,AgriTech,Pune,70.0
36,AgroWave,AgriTech,Gurugram,0.5
37,Aibono,AgriTech,Bangalore,2.0
38,Airblack,IT startup,Gurugram,5.2
39,Airmeet,Media & Networking,Bangalore,3.0
40,Airmeet,Tech Startup,Bangalore,12.0
41,AjnaLens,AR/VR startup,Thane,1.0
42,AjnaLens,Deeptech,Thane,1.5
43,Akudo,Financial Services,Bangalore,4.2
44,AlgoBulls,Trading platform,Mumbai,0.2
45,Alpha Coach,Professional Training & Coaching,Mumbai,1.2
46,Alteria Capital,FinTech,Mumbai,150000.0
47,Ameliorate Biotech,Biotech,Bangalore,0.264
48,AnKa SumMor,Sales and Distribution,Bangalore,1.0
49,Anar,Information Technology & Services,Mumbai,6.2
50,Ankur capital,FinTech,Mumbai,40.0
51,Annapurna Finance,FinTech,Bhubaneswar,30.0
52,Antaios,Tech company,France,11.0
53,Anveshan,Food Production,Bangalore,0.5
54,Anveshan,FoodTech,Bangalore,0.1
55,Anvidha Technologies,Tech Startup,Haryana,1.5
56,Apna,Human Resources,Bangalore,70.0
57,Apna,Recruitment,Bangalore,100.0
58,Apna.co,Job portal,Bangalore,8.0
59,Apna.co,Recruitment,Bangalore,12.5
60,Apnaklub,Wholesale,Bangalore,3.5
61,ApplicateAI,Information Technology & Services,Gurugram,30.0
62,Appnomic,SaaS,Bangalore,22.0
63,AppsFlyer,SaaS,Bangalore,210.0
64,AppsForBharat,Product studio,Bangalore,10.0
65,AppsForBharat,Spiritual,Bangalore,4.0
66,Aqgromalin,AgriTech,Chennai,0.8999999999999999
67,Aquaconnect,Fishery,Chennai,4.0
68,Arata,E-commerce,New Delhi,1.0
69,Arcana,Information Technology,Bangalore,0.37
70,Arcana,Information Technology & Services,Bangalore,2.3
71,Arrival,EV startup,"London, England, United Kingdom",118.0
72,Arth Designbuild,Construction tech,Hyderebad,1.1
73,Arthya Wealth and Investments,FinTech,Mumbai,1.0
74,Artium Academy,Music,Mumbai,0.75
75,Arya,AgriTech,Noida,21.0
76,Arya,Agritech,Noida,6.0
77,Arzooo,Retail Tech,Bangalore,7.5
78,Asirvad Microfinance,FinTech,Chennai,15.0
79,Assiduus,E-commerce,Bangalore,1.0
80,Asteria Aerospace,Robotics & AI,Bangalore,230.0
81,Ather Energy,Automobile,Bangalore,11.241
82,Ather Energy,Automobiles,Bangalore,35.0
83,Ati Motors,Automotive,Bangalore,35.0
84,Atomberg,Consumer Electronics,Mumbai,20.0
85,Atomberg Technologies,Consumer appliances,Mumbai,9.0
86,Auntie Fung,Food & Beverages,Bangalore,0.4
87,Auric,HealthCare,New Delhi,2.0
88,AutomataPi,Automation,Powai,0.4
89,Automovill,Automotive,Bangalore,0.5
90,Avail Finance,FinTech,Bangalore,3.0
91,Avail Finance,Fintech,Bangalore,11.635
92,Avanse Financial Services,FinTech,Mumbai,15.0
93,Avanti Finance,FinTech,Bangalore,26.0
94,Avanti Finance,Financial Services,Bangalore,15.0
95,Avataa Me,AR platform,Bangalore,7.0
96,Avataar Ventures,FinTech,Bangalore,100.0
97,Aviom,Finance,New Delhi,0.682
98,Aviom Housing Finance,FinTech,New Delhi,1.0
99,Aviom India,Financial Services,Bhilwara,8.0
100,Avishkaar,EdTech,New Delhi,0.6
101,Awifs,Co-working,Delhi,5.2
102,Awign Enterprises,Work fulfillment,Bangalore,0.5
103,Awon GameZ,Gaming,Noida,2.0
104,Axio Biosolutions,Medtech,Bangalore,5.2
105,Ayana,Renewable player,Bangalore,390.0
106,Aye Finance,Fintech,Gurugram,68.303
107,Ayu Health,"Health, Wellness & Fitness",Bangalore,6.3
108,BASIC Home Loan,FinTech,Gurugram,5.0
109,BASIC Home Loan,Financial Services,Gurugram,3.5
110,BHIVE Investech,Co-working Startup,Bangalore,1.0
111,BOX8,Food & Beverages,Mumbai,40.0
112,BYJU'S,EdTech,Bangalore,1260.0
113,BYJU’S,EdTech,Bangalore,50.0
114,Bambinos,EdTech,Bangalore,0.5
115,Bandhoo,IT,Gurugram,1.0
116,BankBazaar,Fintech,Chennai,9.767
117,BankBazaar,Online financial service,Chennai,9.0
118,BankSathi,FinTech,New Delhi,0.2
119,BankSathi,Financial Services,New Delhi,0.5
120,Battery Smart,Renewables & Environment,New Delhi,7.0
121,BeatO,Healthcare,New Delhi,5.0
122,Beco,Consumer Goods,Mumbai,0.5
123,BeepKart,Automotive,Bangalore,3.0
124,Beldara,E-commerce,Mumbai,7.4
125,Bella Vita Organic,Healthcare,Gurugram,10.0
126,BestDoc,HealthCare,Kochi,2.1
127,Better Capital,Venture Capital & Private Equity,Santra,15.0
128,BetterPlace,Information Technology & Services,Bangalore,24.0
129,Betterhalf.ai,Matrimony,Bangalore,3.0
130,Betterplace,Tech platform,Bangalore,10.0
131,Bewakoof,Apparel & Fashion,Mumbai,8.0
132,Bewakoof,D2C Fashion,Mumbai,4.0
133,BeyondSkool,EdTech,Mumbai,2.0
134,BharatAgri,AgriTech,Bangalore,6.5
135,BharatPe,FinTech,New Delhi,514.2
136,BharatPe,Financial Services,New Delhi,10.0
137,BharatPe,Fintech,Delhi,175.0
138,Biconomy,Blockchain,New Delhi,9.0
139,Biconomy,Blockchain startup,New Delhi,1.5
140,Biddano,"Health, Wellness & Fitness",Pune,2.0
141,Biddano,Healthcare,Mumbai,0.6
142,Big Bang Boom Solutions,Deep Tech,Chennai,1.05
143,Big Bang Boom Solutions,Defense tech,Chennai,1.0
144,Big Basket,E store,Bangalore,60.0
145,Big Basket,Estore,Bangalore,3.5
146,BigHaat,Agritech,Bangalore,2.0
147,BigLeap,Recruitment,Hyderabad,0.6
148,BigSpoon Foods,Foodtech,Ahmedabad,2.0
149,Bijak,Agritech,Gurugram,12.0
150,Bijnis,B2B startup,New Delhi,30.0
151,Bikayi,E-commerce,Hyderabad,12.0
152,Bikry app,Consumer software,Noida,1.3
153,BimaPe,FinTech,Mumbai,0.5
154,Bimaplan,FinTech,Mumbai,0.5
155,Bimaplan,Insuretech,Bangalore,2.5
156,Biocon,Healthcare,Bangalore,15.0
157,Biocon Biologics,BioTechnology,Bangalore,70.0
158,Bira91,Beverage,Bangalore,20.0
159,Bira91,Craft Beer,New Delhi,0.764
160,Biryani By Kilo,Food,Delhi,0.79
161,BitClass,PaaS startup,Bangalore,2.0
162,BiteSpeed,E-commerce,Gurgaon,0.275
163,Bizlog,Logistics,Bangalore,1.0
164,Bizongo,B2B E-commerce,Mumbai,51.0
165,Bizongo,B2B Ecommerce,Mumbai,100.0
166,Bizongo,Information Technology & Services,Mumbai,100.0
167,Bizongo,Marketplace,Mumbai,30.0
168,BlackBuck,Logistics & Supply Chain,Bangalore,67.0
169,BlackSoil,FinTech,Mumbai,14.0
170,BlackSoil NBFC,FinTech,Mumbai,3.0
171,Blaer Motors,Mobility,Chennai,0.3
172,BlissClub,Fashion,Bangalore,2.0
173,Blive,Tourism,Panaji,1.0
174,BluSmart,Electricity,Gurugram,7.0
175,Blue Sky Analytics,Data Intelligence,Gurugram,1.2
176,Blue Tokai Coffee Roasters,Food & Beverages,New Delhi,2.0
177,BlueLearn,EdTech,Goa,0.4
178,Bluepad,Online Media,Bangalore,0.2
179,Blume Ventures,FinTech,Mumbai,40.0
180,Boingg,Furniture,Gurugram,0.2
181,Bolo Indya,Media,Gurugram,0.3
182,Bolo Indya,Video sharing platform,Gurgaon,0.4
183,Bombay Hemp Company,Textiles,Mumbai,2.0
184,Bombay Play,Gaming,Bangalore,1.5
185,Bombay Play,Gaming startup,Bangalore,1.0
186,Bombay Shaving Company,Fashion and lifestyle,New Delhi,6.0
187,Bombay Shaving Company,Lifestyle,New Delhi,2.0
188,Bombay Shirt Company,E-commerce,Mumbai,8.0
189,BookingJini,Hospitality,Gurugram,1.2
190,Bounce,Automotive and Rentals,Bangalore,209.0
191,Boutique Spirit Brands,Wine & Spirits,New Delhi,10.0
192,Box8,Foodtech,Mumbai,124.0
193,Braingroom,EdTech,Chennai,0.2
194,Breathe Well-being,Health,Gurugram,5.5
195,Breathe Well-being,HealthCare,New Delhi,1.0
196,BricSpaces,Real estate,Bangalore,0.35
197,Brick&Bolt,Construction,Bangalore,2.2
198,Brighteye Ventures,Edtech,"Paris, Ile-de-France, France",5.4
199,Brila 91,Food & Bevarages,New Delhi,1.2
200,Brinton,HealthTech,California,1.3
201,BrowserStack,SaaS startup,Mumbai,200.0
202,Bueno Finance,FinTech,Gurugram,3.0
203,Bugworks,Biopharma,Bangalore,7.5
204,BuildPan,SaaS startup,Indore,0.5
205,Bulk MRO,B2B,Mumbai,3.344
206,Buyofuel,Oil & Energy,Coimbatore,0.1
207,Byju's,EdTech,Bangalore,322.0
208,Byju’s,EdTech,Bangalore,500.0
209,ByteLearn,E-learning,Noida,9.5
210,CARS24,Automotive,Gurugram,450.0
211,CARS24,Retail,Haryana,200.0
212,CHARGE+ZONE,Automotive,Vadodara,10.0
213,CHARGE+ZONE,EV startup,Gujarat,3.0
214,CHUPPS,Foootwear,Mumbai,1.1
215,CRED,FinTech,Bangalore,215.0
216,CRED,Finance,Bangalore,250.0
217,CRED,Finance company,Bangalore,80.0
218,Callify.ai,Tech Startup,Mumbai,0.56
219,Camp K12,EdTech,Gurugram,24.0
220,Camp K12,Edtech,Gurugram,4.0
221,Cancer Clinics,HealthCare,Telugana,1.5
222,Candes,E-commerce,New Delhi,3.0
223,Capital Float,FinTech,Bangalore,6.0
224,Capital Float,Financial Services,Bangalore,50.0
225,Capital Float,Fintech,Bangalore,19.8
226,Capital Quotient,Fintech,Bangalore,0.6
227,Captain Fresh,Food & Logistics,Bangalore,2.3
228,Captain Fresh,Logistics,Bangalore,12.0
229,Captain Fresh,Logistics & Supply Chain,Bangalore,40.0
230,Captain Fresh,Supply chain platform,Bangalore,3.0
231,CarDekho,Automobile,Jaipur,70.0
232,CarDekho,Automotive,Jaipur,250.0
233,CarTrade,Car Trade,Mumbai,42.5
234,CareerLabs,EdTech,Bangalore,2.2
235,Cars24,Automobile,Gurgaon,1.328
236,CashBook,FinTech,Gurugram,2.3
237,CashKaro,E-commerce,Gurgaon,10.0
238,Cashfree,FinTech,Bangalore,35.0
239,Cashify,E-commerce,Gurugram,25.0
240,Celcius,Logistics,Mumbai,0.5
241,Cell Propulsion,EV startup,Bangalore,2.0
242,Cellestial,Electronics,Hyderabad,0.5
243,Chai Kings,Beverage,Chennai,1.0
244,Chai Waale,Beverage,Chennai,0.47
245,Chai Waale,Food & Beverages,Chennai,0.6
246,Chalo,IT,Mumbai,7.0
247,Chalo,Mobility,Mumbai,40.0
248,Chara,Deep Tech,Bangalore,0.85
249,Charcoal Eats,QSR startup,Mumbai,2.0
250,Chargebee,SaaS startup,"San Francisco Bay Area, West Coast, Western US",55.0
251,ChefKart,Consumer Goods,Gurugram,0.3
252,Chingari,Entertainment,Bangalore,19.0
253,Chingari,Media,Bangalore,2.3
254,Chingari,Social Media,Bangalore,13.0
255,Chirrup,Gaming,Bangalore,0.3
256,ChitMonks,Fintech,Hyderabad,0.65
257,Chqbook,FinTech,Gurugram,5.0
258,Chqbook,FinTech,New Delhi,1.0
259,Chqbook,Fintech,Gurugram,5.0
260,Circle of Angels,FinTech,Gurgaon,3.0
261,CityCash,Fintech,Mumbai,1.0
262,CityMall,E-commerce,Gurugram,33.0
263,Cityflo,Transportation,Mumbai,7.0
264,Clair,FinTech,"New York, United States",4.5
265,Clairco,CleanTech,Bangalore,0.5
266,Clairvolex,Tech Startup,California,2.0
267,ClanConnect,Marketing startup,Delhi,0.6
268,Classplus,EdTech,Noida,75.0
269,Classplus,Edtech,Delhi,8.2
270,Clear,Computer Software,Bangalore,75.0
271,ClearDekho,Retail,Ghaziabad,4.0
272,Clensta,BioTechnology,New Delhi,0.6
273,Clientjoy,SaaS startup,Gujarat,0.8
274,Clinikk,Hospital & Health Care,Bangalore,4.0
275,CloudFiles,SaaS startup,Bangalore,0.3
276,CloudSEK,Computer & Network Security,Bangalore,7.0
277,Cloudphysician,Hospital & Health Care,Bangalore,4.0
278,Clover,Agritech,Bangalore,6.42
279,Clovia,E-commerce,Noida,4.0
280,CodingNinjas,Edtech,Delhi,5.2
281,Codingal,EdTech,Bangalore,1.76
282,CoffeeMug.ai,Networking,New Delhi,0.62
283,Cogos Technologies,Logistics & Supply Chain,Bangalore,2.0
284,Coin DCX,Cryptocurrency,Mumbai,2.5
285,CoinDCX,FinTech,Mumbai,10.0
286,CoinSwitch Kuber,Crypto,Bangalore,260.0
287,CoinSwitch Kuber,Cryptocurrency,Bangalore,15.0
288,CoinSwitch Kuber,FinTech,Bangalore,25.0
289,Coinshift,Blockchain,Chandigarh,2.5
290,CollegeDekho,E-learning,Gurgaon,35.0
291,CollegeDekho,EdTech,Gurugram,26.0
292,CometChat,Computer Software,Mumbai,10.0
293,Comofi Medtech,HealthTech,Bangalore,0.2
294,Comofi Medtech,HeathTech,Bangalore,0.2
295,ConnectedH,Hospital & Health Care,Gurugram,2.3
296,Consure Medical,Healthtech,Delhi,0.48
297,ConveGenius,Education Management,Noida,5.0
298,Convin,SaaS startup,Bangalore,0.3
299,Convosight,Data Analytics,Hyderabad,4.0
300,Convosight,SaaS startup,New Delhi,9.0
301,Cora Health,"Health, Wellness & Fitness",Bangalore,0.6
302,Coralogix,SaaS startup,"San Francisco, California, United States",25.0
303,CoreStack,Technology,Chennai,8.5
304,Countingwell,EdTech,Bangalore,1.0
305,Country Delight,Dairy startup,Haryana,25.0
306,Country Delight,Food and Beverages,Haryana,25.0
307,Coutloot,Consumer Services,Mumbai,8.0
308,Cover Genius,FinTech,"Sydney, New South Wales, Australia",15.0
309,Cover it Up,E-commerce,Chennai,0.4
310,Craftsvilla,E-commerce,Mumbai,0.409
311,Craftsvilla,Marketplace,Mumbai,3.9
312,Crater.Club,Media,Bangalore,0.7
313,CreatorStack,Computer software,Bangalore,2.0
314,Cred,FinTech,Bangalore,81.0
315,CredAble,Financial Services,Mumbai,30.0
316,CredAvenue,FinTech,Chennai,90.0
317,CredFlow,FinTech,New Delhi,2.0
318,CredR,Automotive,Bangalore,6.5
319,CredR,Bike marketplace,Mumbai,2.0
320,CredRight,Financial Services,Hyderabad,2.7
321,Credable,FinTech,Mumbai,4.5
322,Credenc,FinTech,New Delhi,25.0
323,Credgenics,FinTech,Gurugram,6.3
324,Credgenics,FinTech,New Delhi,3.0
325,Credgenics,Financial Services,New Delhi,25.0
326,Credit Mantri,Fintech,Chennai,0.792
327,Credit Wise Capital,FinTech,Mumbai,6.0
328,CreditMantri,Online credit management startup,Chennai,0.803146
329,CredoLab,Tech,Singapore,7.0
330,Credr,Automobile,Mumbai,6.0
331,Crejo.Fun,EdTech,Bangalore,3.0
332,Crimson Healthcare,Med Tech,Delhi,0.2298
333,Crio,Edtech,Bangalore,0.934
334,Crofarm,Agritech,Delhi,1.0
335,CropIn,AgriTech,Bangalore,20.0
336,Crysta,Healthtech,Delhi,1.4034
337,Cub McPaws,AR startup,Mumbai,0.8
338,Cube Wealth,SaaS,Mumbai,0.5
339,CueMath,EdTech,Bangalore,40.0
340,Cuemath,Edtech,Bangalore,8.388
341,CureFit,Health and Fitness,Bangalore,115.0
342,CureSkin,Healthtech,Bangalore,0.5
343,Curefit,"Health, Wellness & Fitness",Bangalore,145.0
344,Curefoods,Food & Beverages,Bangalore,13.0
345,CuriousJr,E-learning,Gurugram,1.0
346,Cusmat,Computer Software,Hyderabad,0.1
347,CustomerGlu,CRM,Bangalore,0.32
348,Cuvette Tech,Human Resources,Bangalore,1.8
349,DGV,Information Technology & Services,Bangalore,3.0
350,DMI Group,Financial Services,Delhi,123.0
351,DaMENSCH,E-commerce,Bangalore,6.0
352,Daily Ninja,Ecommerce,Haryana,0.3498
353,Darwinbox,HR Tech,Hyderabad,15.0
354,Data Sutram,AI,Kolkata,0.2665
355,DcodeAI,EdTech,New Delhi,0.5
356,DeHaat,AgriTech,Patna,30.0
357,DeHaat,Information Technology & Services,Gurugram,115.0
358,DealShare,E-commerce,Jaipur,33.0
359,DealShare,Retail,Bangalore,144.0
360,DebugsBunny,EdTech,Pune,0.1
361,Decentro,Fintech,Bangalore,15.5
362,Deciwood,Consumer Electronics,New Delhi,0.2
363,DeepSync,AI startup,Chandigarh,0.136
364,Deepsync,Tech Startup,Bangalore,0.3
365,Defy,Financial Services,Bangalore,5.5
366,Delhivery,Logistics,Gurugram,270.0
367,Delhivery,Logistics & Supply Chain,Gurugram,201.0
368,Design Cafe,Design,Bangalore,25.0
369,Design X,IoT,Noida,0.2
370,Detect Technologies,Automation,Chennai,12.0
371,Devic Earth,Pollution control equiptment,Bangalore,1.0
372,Devnagri,Translation & Localization,Noida,0.6
373,Dezerv.,Investment Management,Mumbai,7.0
374,Dhurnia,EdTech,"Dhingsara, Haryana",0.1
375,Digantara,SpaceTech,Bangalore,2.5
376,Digit Insurance,Insuretech,Bangalore,200.0
377,Digit Insurance,Insurtech,Bangalore,84.34
378,DillyHub,Publication,Seoul,1.4
379,Disprz,E-learning,Mumbai,13.0
380,Disprz,Edtech,Chennai,1.6
381,Disruptium,Consulting,Ahmadabad,0.2
382,Dista,Computer Software,Pune,1.2
383,Do Your Thng,Marketing,Gurugram,1.5
384,DocSumo,AI,Mumbai,0.22
385,Docsapp,Healthtech,Bangalore,9.5
386,Dogsee Chew,Food & Beverages,Bangalore,7.0
387,Doola,Company-as-a-Service,New York,3.0
388,Dot Pvt. Ltd,Fintech,Gurugram,8.0
389,DotPe,FinTech,Gurugram,35.0
390,Doubtnut,EdTech,Gurugram,30.0
391,Doubtnut,Edtech,Gurugram,15.0
392,Dozee,HealthTech,Bangalore,1.6
393,Dozee,Healthcare,Bangalore,5.0
394,Dream Sports,Gaming,Mumbai,400.0
395,Dream Sports,Sports,Mumbai,840.0
396,Dream11,Entertainment,Mumbai,225.0
397,DrinkPrime,Appliance,Bangalore,2.879
398,DrinkPrime,Consumer Goods,Bangalore,1.0
399,Drishti Technologies,AI,Bangalore,25.0
400,Droom,Automobile,Gurugram,200.0
401,Dropshop,Logistics,Bangalore,1.0
402,Drum Food,Food,Mumbai,5.305
403,Dukaan,Retail,Bangalore,11.0
404,Dukaan,Tech Startup,Mumbai,6.0
405,Dunzo,Delivery service,Bangalore,40.0
406,Dunzo,Logistics,Bangalore,66.0
407,Dunzo,Tech,Bangalore,28.0
408,Duroflex,Furniture,Bangalore,60.0
409,DusMinute,Retail,Bangalore,1.1
410,Dybo,IT,Bangalore,0.1
411,D’Moksha Homes,Textiles,Mumbai,0.57
412,E42,Computer Software,Pune,5.4
413,ECOSTP,Sanitation solutions,Bangalore,19.0
414,EF Polymer,AgriTech,Rajsamand,0.2
415,EM3 Agri,AgriTech,Noida,1.0
416,ERPNext,Tech company,Mumbai,1.0
417,EV Plugs,Information Technology & Services,Gurugram,0.15
418,EarnWealth,Financial Services,Pune,0.5
419,Earth Rhythm,Cosmetics,Gurugram,1.2
420,Easebuzz,E-commerce,Pune,4.0
421,Easiloan,FinTech,Mumbai,1.0
422,EasyAspataal,Healthcare,Mumbai,0.5
423,Ecom Express,E-commerce,New Delhi,20.0
424,Ecom Express,Logistics,Gurugram,36.0
425,Ecozen,AgriTech,Pune,6.0
426,Edmingle,EdTech,Bangalore,0.3
427,EduFund,FinTech,Gujarat,0.3
428,Eduisfun,Edtech,Mumbai,28.0
429,Edukemy,EdTech,Noida,2.0
430,Eduvanz,FinTech,Mumbai,10.0
431,Eduvanz,Fintech,Mumbai,5.0
432,Edvizo,Consumer Services,Bangalore,1.0
433,Edvizo,Edtech,Bangalore,0.15
434,Eggoz,Agritech,Bihar,0.329
435,Eggoz,Food & Bevarages,Indore,1.5
436,Eggoz,Food & Beverages,Gurugram,3.5
437,EkAnek,Tech Startup,New Delhi,5.04
438,Eka.care,Healthcare,Bangalore,4.5
439,ElasticRun,E-commerce,Pune,75.0
440,Elda Health,Healthcare,Bangalore,3.0
441,ElectricPe,EV,Bangalore,3.0
442,Elevar,Sports,Mumbai,2.0
443,Elixia Tech Solutions,Information Technology & Services,Mumbai,1.0
444,Eloelo,Gaming,Bangalore,2.0
445,Eloelo,Social commerce,Bangalore,0.45
446,Elucidata,BioTechnology,New Delhi,5.0
447,Embibe,Edtech,Mumbai,12.6183
448,Endimension,Healtcare,Mumbai,0.3
449,Enercomp,Information Technology & Services,Ahmedabad,0.2
450,Enmovil,Information Technology & Services,Hyderabad,1.3
451,Ensuredit,FinTech,Gurugram,0.3
452,Enthu.ai,AI startup,Chandigarh,0.2
453,Entri,Edtech,Kochi,3.0999999999999996
454,Entropik,AI Platform,Bangalore,8.0
455,Epigamia,FMCG,Mumbai,2.558
456,Equiwatt,Tech company,"Newcastle Upon Tyne, Newcastle upon Tyne, United Kingdom",0.3
457,Ergos,AgriTech,"Samastipur, Bihar",5.0
458,Ergos,AgriTech,Samsitpur,3.0
459,Ergos,Agritech,Bangalore,4.598
460,EsportsXO,Mobile Games,Bangalore,1.1
461,Ess Kay Fincorp,Banking,Rajasthan,33.0
462,Ethereum Push Notification Service,Blockchain startup,Mumbai,0.75
463,Etrio,EV startup,Hyderabad,3.0
464,Euler Motors,Automotive,New Delhi,6.6
465,Euler Motors,Automotive tech,Delhi,4.529999999999999
466,Eunimart,E-commerce,Hyderabad,0.7
467,Eupheus,EdTech,New Delhi,4.0
468,Eupheus Learning,E-learning,New Delhi,10.0
469,Eupheus Learning,Edtech,New Delhi,4.3
470,Even,Healthcare,Bangalore,5.0
471,Evenflow Brands,Consumer Goods,Mumbai,0.5
472,Ewar,Gaming,Bangalore,0.2
473,Excess2Sell,Ecommerce,Mumbai,1.0
474,Exotel,Cloud company,Bangalore,5.0
475,Exotel,Telecommunications,Bangalore,35.0
476,Expertrons,EdTech,Mumbai,2.3
477,Exponent Energy,Automotive,Bangalore,5.0
478,Express Stores,E-commerce,Gurugram,1.0
479,Extra Edge,Edtech,Pune,0.7
480,ExtraaEdge,MarTech,Pune,1.0
481,EyeMyEye,Eyewear,Gurugram,2.0
482,EzeRx,Medtech,Kolkata,0.2
483,Ezstays,EdTech,New Delhi,0.4
484,F5,Food & Beverages,New Delhi,0.3
485,F5,Retail,New Delhi,0.6
486,FITTR,Fitness startup,Pune,2.0
487,FPL Technologies,FinTech,Pune,10.0
488,FPL Technologies,Fintech,Pune,10.0
489,FRAAZO,Food & Beverages,Mumbai,11.0
490,FRND,Online Media,Bangalore,6.5
491,Faarms,AgriTech,Bangalore,2.0
492,FabAlley,Ecommerce,Noida,1.1
493,FabHotels,Hospitality,Gurugram,2.0300000000000002
494,Fabriclore,Apparel & Fashion,Jaipur,0.7
495,Factors.AI,SaaS startup,Bangalore,2.0
496,FamPay,Fintech,Bangalore,4.7
497,Fampay,FinTech,Bangalore,38.0
498,FanCode,Sports startup,Mumbai,50.0
499,Fanball XI,Gaming,New Delhi,1.0
500,Fantasy Akhada,Fantasy sports,Gurugram,0.6
501,Fantasy Akhada,sports,Gurugram,2.0
502,FarEye,Logistics,Delhi,24.5
503,FarMart,AgriTech,Gurugram,24.0
504,FarMart,Farming,Gurugram,10.0
505,Farmers Fresh Zone,AgriTech,Kochi,1.27
506,Fasal,AgriTech,Bangalore,0.02
507,Fashinza,Apparel & Fashion,Gurugram,20.0
508,Fashinza,B2B Manufacturing,Gurgaon,2.6
509,Fashor,Fashion,Chennai,1.0
510,Fedo,AI startup,Bangalore,1.0
511,Fi,Financial Services,Bangalore,50.0
512,Fieldproxy,SaaS startup,Chennai,0.2
513,Filo,EdTech,New Delhi,0.26
514,Financepeer,EdTech,Mumbai,3.0
515,Fingpay,Fintech,Mumbai,3.5
516,Finova Capital,FinTech,"Jaipur, Rajastan",55.0
517,Finsall,Insuretech,Bangalore,0.3
518,Firescore,Gaming,Mumbai,0.5
519,FirstCry,E-market,Pune,296.0
520,Fisdom,FinTech,Bangalore,7.0
521,Fitpage,"Health, Wellness & Fitness",Mumbai,0.3
522,Fitterfly,HealthTech,Mumbai,3.0
523,Fittr,Fitness,Pune,2.0
524,Fittr,"Health, Wellness & Fitness",Pune,11.0
525,Five Star Finance,FinTech,Chennai,234.0
526,Fixcraft,Automotive,Gurugram,1.0
527,FlashPrep,EdTech,Bangalore,0.5
528,Flatheads,Apparel & Fashion,Bangalore,1.0
529,Fleek,Internet,Bangalore,1.0
530,Fleetx,Tech Startup,Gurugram,3.0
531,FlexiLoans,FinTech,Mumbai,6.0
532,Flexmoney,FinTech,Mumbai,4.8
533,Flick Stree,AI & Media,Mumbai,3.0
534,Flickstree,Tech,Mumbai,0.0409
535,Flinto,EdTech Startup,Chennai,7.0
536,Flinto,Edtech,Chennai,7.2
537,Flipkart,E-commerce,Bangalore,62.0
538,Flipspaces,Design,Mumbai,2.0
539,Flo Mobility,Industrial Automation,Bangalore,0.4
540,FloBiz,Information Technology & Services,Bangalore,31.0
541,FloBiz,Tech Startup,Bangalore,10.0
542,FloCareer,Information Services,Bangalore,5.7
543,FoodyBuddy,Food Industry,Belgaum,0.6
544,Forbidden Foods,Food,Delhi,1.0
545,ForeignAdmits,Higher Education,Bangalore,0.4
546,Fountain9,Computer software,Mumbai,1.9
547,Fourth Partner Energy,Solar,Hyderabad,125.0
548,Fourth Partner Energy,Solar Solution,Bangalore,15.0
549,Fourth Partner Energy,Solar solution,Hyderabad,16.0
550,Fox Capital,Fintech,Jaipur,2.5
551,Fraazo,Food & Beverages,Mumbai,50.0
552,FreeStand,B2B service,New Delhi,0.1
553,Freightwalla,B2B,Mumbai,4.0
554,Freshokartz,AgriTech,"Jaipur, Rajastan",1.0
555,Freshokartz,E-marketplace,Jaipur,0.15
556,FreshtoHome,E-commerce,Bangalore,137.0
557,Freyr Energy,Renewable Energy,Hyderabad,2.0
558,FrontRow,E-learning,Bangalore,14.0
559,FrontRow,EdTech,Bangalore,3.2
560,Frontier Markets,Ecommerce,Jaipur,2.25
561,Froogal,Marketing & Customer loyalty,Hyderabad,1.0
562,Fuel Buddy,Oil and Energy,New Delhi,1.0
563,Fullife,Healthtech,Mumbai,6.609
564,Furlenco,Consumer Goods,Bangalore,100.0
565,Furlenco,Ecommerce,Bangalore,12.2
566,Furlenco,Home Decor,Bangalore,2.0
567,Fyllo,AgriTech,Bangalore,0.4
568,FypMoney,FinTech,Gurugram,2.0
569,G.O.A.T,D2C,Bangalore,36.0
570,GENLEAP,Professional Training & Coaching,Haryana,8.0
571,GPS Renewables,Cleantech,Bangalore,3.0
572,GTM Buddy,Computer Software,Hyderabad,2.0
573,GUVI,EdTech Startup,Chennai,0.8
574,Gaana,Entertainment,Gurugram,51.0
575,GalaxyCard,FinTech,Gurugram,0.45
576,GameEon Studios,Computer Games,Mumbai,0.32
577,Gamezop,Gaming,Gurugram,4.3
578,Generico,Pharmacy,Mumbai,1.4
579,GenieTalk,Tech company,Indore,0.75
580,Geniemode,B2B,Gurugram,2.0
581,Genius Corner,Edtech,Noida,0.25
582,Genius Teacher,Edtech,Mumbai,2.0
583,Genrobotics,AI startup,"Trivandrum, Kerala, India",0.3
584,Genworks Health,Healthcare,Bangalore,2.0
585,GeoIQ,AI startup,Bangalore,0.3
586,Get My Parking,Mobility,New Delhi,6.0
587,GetVantage,FinTech,Mumbai,5.0
588,GetWork,HR Tech,Gurugram,0.04
589,GetWork,Recruitment,Gurugram,0.2
590,Gig India,Crowdsourcing,Pune,1.0
591,GigIndia,Tech,Pune,0.971
592,Gigforce,HR tech,Bangalore,0.804
593,Gigforce,Staffing & Recruiting,Gurugram,3.0
594,Glamplus,SaaS startup,Bangalore,0.2
595,Glamyo Health,Hospital & Health Care,New Delhi,3.0
596,Glance,AI startup,Bangalore,145.0
597,Glii,Dating,Noida,0.01
598,GlobalBees,D2C Business,New Delhi,150.0
599,GlobalBees,E-commerce,New Delhi,111.0
600,GlobalFair,Trading platform,Gurugram,2.0
601,Go Desi,Foodtech,Delhi,0.6273
602,Go Swift,Consumer Services,Bangalore,2.0
603,GoBolt,Logistics,Gurugram,20.0
604,GoKwik,Information Technology & Services,New Delhi,20.0
605,GoMechanic,Automobile & Technology,Delhi,5.0
606,GoMechanic,Automobile Technology,Delhi,14.7
607,GoMechanic,Automotive,Gurugram,42.0
608,GoSats,FinTech,Bangalore,0.7
609,GoTo,Transportation,Ghaziabad,0.15
610,Gobbly,Retail,Gurugram,0.9
611,Gobbly,Retail Tech,Gurugram,0.5
612,Gobillion,Social commerce,New Delhi,2.9
613,GoldenPi,Fintech,Bangalore,0.459
614,Gonuts,Entertainment,Mumbai,0.4
615,Good Health Clinic,HealthCare,Hyderabad,5.0
616,GoodGamer,Gaming,Bangalore,2.5
617,Goodmeetings,Computer software,Bangalore,1.7
618,Goodmylk,Dairy,Bangalore,0.4
619,Goodmylk,Food & Beverages,Bangalore,1.0
620,Gourmet Garden,Farming,Bangalore,3.0
621,Gradeup,Education,Noida,0.546
622,GramCover,Insurance,Noida,7.0
623,Gramophone,AgriTech,Indore,10.34
624,GrayQuest,EdTech,Mumbai,1.0
625,Green Soul,Consumer Goods,Ambernath,0.2
626,Greenjoules,Renewable Energy,Pune,4.5
627,Grinntech,Automotive,Chennai,2.0
628,Grinntech,Battery design,Dehradun,2.0
629,Grinntech,Battery manufacturer,Chennai,2.0
630,Grip Invest,Financial Services,Gurugram,3.0
631,GrowFix,FinTech,Bangalore,2.0
632,Groww,FinTech,Bangalore,113.0
633,Groww,Finance,Bangalore,250.0
634,GuardianLink,Information Technology & Services,Chennai,12.0
635,Gully Network,E-commerce,Bangalore,1.2
636,GullyBuy Software,Tech Startup,Pune,0.543
637,Gumlet,IT,Bangalore,1.6
638,Guvi Geek Network Pvt Ltd,Edtech,Chennai,0.786
639,Gyde,Computer software,Pune,0.25
640,Habbit,EdTech,Bangalore,0.32
641,Haber,Industrial Automation,Pune,20.0
642,Hakuna Matata,Information Technology & Services,Chennai,1.0
643,Happy Jars,Food & Beverages,New Delhi,0.4
644,HappyCredit,FinTech,Bangalore,0.6
645,HappyEasyGo,Travel,Gurugram,49.4
646,HappyLocate,SaaS startup,Bangalore,0.5
647,Hapramp,Blockchain,Gurugram,1.0
648,Haqdarshak,Finance,Jaipur,0.8
649,Hash,Tobacco,New Delhi,3.5
650,Hashnode,Computer software,Bangalore,6.7
651,Hasura,Software Company,San Francisco,25.0
652,Headfone,Social audio,Bangalore,3.0
653,Heads Up For Tails,Pet care,New Delhi,37.0
654,Healofy,Femtech,Bangalore,6.0
655,HealthPlix,HealthCare,Bangalore,13.5
656,HealthPlix,Healthtech,Bangalore,6.0
657,HealthifyMe,Healthcare,Bangalore,75.0
658,Hemp Horizons,Cannabis startup,Noida,0.2
659,Hesa,IT startup,Hyderabad,2.0
660,Hevo,Tech,Bangalore,8.0
661,HexaHealth,Healthtech,Mumbai,4.5
662,High Street Essentials,Ecommerce,New Delhi,2.743
663,HighRadius,SaaS,Hyderabad,125.0
664,Hippo Video,Video personalization,New York,4.0
665,HobSpace,EdTech,Mumbai,0.1
666,HobSpace,Edtech,Mumbai,0.2
667,Hoi Foods,Foodtech,Delhi,2.0
668,Holisol,Logistics,New Delhi,3.0
669,HomeLane,Interior Design,Bangalore,50.0
670,HomeLane,Interior design,Chennai,31.0
671,Homelane,Home interior services,Bangalore,8.0
672,Homeville,Information Technology & Services,Mumbai,7.0
673,Homversity,Housing Marketplace,Ahmedabad,0.155
674,Hopscotch,E-commerce,Mumbai,25.0
675,House of Kieraya,Lifestyle,Bangalore,15.0
676,Hubilo,Software Startup,Ahmedabad,125.0
677,Hubilo,Tech company,"San Francisco, California, United States",4.5
678,HungerBox,Foodtech,Bangalore,18.7
679,Hyperface,Information Technology & Services,Bangalore,1.3
680,Hypto,Tech startup,Chennai,3.0
681,I am Love,Healthcare,Mumbai,4.0
682,IBSFINtech,Information Technology & Services,Bangalore,1.0
683,IDfy,IT,Mumbai,2.11
684,IDfy,Information Technology & Services,Mumbai,10.0
685,IGL,Gaming,Mumbai,0.5
686,INdwealth,Fintech,Gurugram,12.0
687,ION Energy,Automotive,Mumbai,3.6
688,ITILITE,Travel & SaaS,Bangalore,13.0
689,IVF Access,Healthtech,Bangalore,5.0
690,Illumnus,EdTech Startup,Pune,0.1
691,Imagimake,Innovation management,Mumbai,0.5
692,ImaginXP,EdTech,Pune,1.5
693,Imstrong,Fitness,Bangalore,0.4
694,InCred,Finance,Mumbai,5.0
695,InVideo,Video,Mumbai,15.0
696,IncNut Digital,Ecommerce,Hyderabad,4.0
697,India Quotient,Venture capitalist,Mumbai,64.0
698,IndiaLends,FinTech,New Delhi,5.1
699,Indian School Finance Company,Fintech,Hyderabad,5.271
700,Indic Inspirations,Cultural,Pune,0.3
701,Indifi,FinTech,Gurugram,5.0
702,Indifi,Financial Services,Gurugram,40.0
703,Industry Buying,E-commerce,New Delhi,15.0
704,IndyFint,Virtual Banking,Bangalore,2.1
705,Infarm,AgriTech,Berlin,170.0
706,Infeedo,HR tech,Gurugram,0.7
707,Inficold,Solar,New Delhi,0.9
708,Infilect,SaaS startup,Bangalore,1.5
709,Infinite Uptime,IoT startup,Pune,5.1
710,Inflexor Ventures,FinTech,Mumbai,10.0
711,Info Edge Venture,Venture capitalist,Noida,50.0
712,Infra.Market,Construction,Thane,100.0
713,Infra.Market,E-commerce,Thane,6.0
714,Infra.Market,Infratech,Mumbai,20.0
715,Infra.Market,Real Estate,Thane,20.0
716,Infurnia,Tech Startup,Bangalore,0.24
717,InfyU Labs,AgriTech,Gandhinagar,0.2
718,InnAccel,Medtech,Bangalore,1.5
719,InnerHour,Healthcare,Mumbai,5.2
720,Innerchef,Foodtech,Gurgaon,1.0
721,Insane AI,Fitness,Bangalore,0.8
722,Inshorts,Internet,Noida,60.0
723,Inshorts,Media,Noida,40.0
724,Inspacco,Facilities Services,Pune,0.2
725,Inspektlabs,AI,Delhi,0.6
726,Instasolv,Edtech,Noida,2.0
727,Instoried,AI startup,Bangalore,1.0
728,Instoried,Computer Software,Bangalore,8.0
729,Insurance Samadhan,Insurance,New Delhi,0.725
730,InsuranceDekho,FinTech,Ludhiana,20.0
731,IntelleWings,IT startup,Panchkula,0.1
732,Intello Labs,"Supply chain, Agritech",Gurugram,5.9
733,Interviewbit,Edtech,Pune,200.0
734,Inzpira,E-learning,Trivandrum,0.3
735,IsGoingOnline,Retail,Cochin,0.4
736,Ishitva,Computer Software,Ahmedabad,1.0
737,Jade Forest,Beverages,Delhi,0.25
738,Jai Kisan,FinTech,Mumbai,30.0
739,Jai Kisan,Fintech,Mumbai,3.937
740,Jambox Games,Gaming,Bangalore,1.1
741,Janani,Fertility tech,Bangalore,0.2
742,Janani,Heathcare,Bangalore,1.0
743,Jar,FinTech,Bangalore,4.5
744,Jeevam Health,Health care,New Delhi,1.5
745,JetSynthesys,Digital tech,Pune,40.0
746,JetSynthesys,Media,Pune,2.0
747,JetSynthesys,Tech,Mumbai,40.0
748,Jidoka Technologies,Software,Chennai,0.34
749,JobSquare,HR tech,Ahmedabad,0.1405
750,Jobsgaar,Job discovery platform,New Delhi,0.14
751,Josh Talks,Media,Haryana,1.5
752,Juicy Chemistry,HealthCare,Coimbatore,6.3
753,Jumbotail,B2B Ecommerce,Bangalore,85.0
754,Jumbotail,E-commerce,Bangalore,15.0
755,Jumbotail,Food and Beverages,Bangalore,14.3
756,Jumbotail,Retail,Bangalore,11.0
757,Junio,EdTech,New Delhi,1.0
758,Junio,FinTech,New Delhi,0.6
759,Jupiter,Banking,Mumbai,44.0
760,JusPay,Fintech,Bangalore,21.6
761,Juspay,FinTech,Bangalore,60.0
762,KIWI,TaaS startup,New Delhi,0.25
763,Kaar Technologies,Information Technology & Services,Chennai,4.0
764,Kafqa Academy,E-learning,Bangalore,1.3
765,Kale Logistics,Logistics,Thane,5.0
766,Kaleidofin,Fintech,Chennai,5.0
767,Karbon Card,FinTech,Bangalore,13.0
768,Karbon Card,Fintech,Bangalore,2.0
769,Karfa,Ecommerce,Delhi,0.025
770,Karkhana.io,Manufacturing startup,Mumbai,1.5
771,Karnival,SaaS startup,Bangalore,2.5
772,Kazam,EV startup,Bangalore,0.9
773,Keito,AI,Pune,0.16
774,Keka HR,Information Technology & Services,Hyderabad,1.6
775,Ken42,Edtech,Bangalore,1.47
776,Kenko Health,Insuretech,Mumbai,1.7
777,Ketos,AI startup,"San Francisco, United States",18.0
778,Ketto,Finance,Mumbai,7.7
779,Khabri,Media,Gurugram,2.0
780,Khatabook,Financial Services,Bangalore,100.0
781,Khatabook,Fintech,Bangalore,60.0
782,Kiko Live,Commerce,Gurugram,1.0
783,Kinara Capital,FinTech,Bangalore,6.0
784,Kirana King,Retail,"Jaipur, Rajastan",0.9
785,Kirana247,Logistics & Supply Chain,New Delhi,2.0
786,KiranaKart,E-commerce,Mumbai,0.72
787,Kisan Network,Agritech,Gurugram,3.0
788,Klassroom,EdTech,Mumbai,0.2
789,Klub,Financial Services,Bangalore,22.0
790,Knackit,IT startup,Bangalore,0.1
791,Knocksense,Media,Lucknow,0.2
792,Knocksense,Online Media,Lucknow,0.15
793,Knorish,EdTech,Gurugram,1.0
794,Knorish,SaaS/Edtech,Delhi,0.323
795,Kodo Card,FinTech,Mumbai,8.0
796,Kohbee,E-learning,Bangalore,0.235
797,KoineArth,Blockchain startup,Bangalore,1.8
798,Kolo,Construction,Bangalore,0.55
799,Koo,Blogging,Bangalore,4.1
800,Koo,Social Media,Bangalore,30.0
801,Koparo,Consumer Goods,New Delhi,0.7
802,Kratikal,Technology,Noida,1.0
803,Kratikal,Technology,Uttar pradesh,1.0
804,Krayonnz,EdTech,Bangalore,0.1
805,Kredent,EdTech,Kolkata,1.0
806,KreditBee,FinTech,Bangalore,158.0
807,Krimanshi,Agritech,Jodhpur,0.02
808,Krimanshi,Biotechnology company,Jodhpur,0.6
809,Krimanshi Feeds,Nutrition sector,Jodhpur,0.5
810,Krishitantra,Soil-Tech,Hyderabad,1.0
811,Kuku FM,Media,Mumbai,5.5
812,Kutuki,EdTech,Bangalore,2.0
813,Kutumb,Community platform,Bangalore,26.0
814,Kyt,EdTech,Bangalore,5.0
815,Kyt,EdTech,Singapore,2.5
816,LEAD School,EdTech,Mumbai,28.0
817,LEAD School,EdtTech,Mumbai,28.0
818,LIVSPACE,Interior Design,Bangalore,4.0
819,Lal10,B2B,Uttar Pradesh,1.1
820,Lancify,EdTech,Bangalore,0.3
821,Lawyered,Legal tech,Delhi,0.1
822,Lead School,EdTech,Mumbai,30.0
823,Leap Finance,FinTech,Bangalore,17.0
824,Leap Finance,Financial Services,Bangalore,55.0
825,Leap Finance,Fintech,Bangalore,5.5
826,Leap India,Agritech,Coimbatore,30.0
827,Leap India,Logistics & Supply Chain,Mumbai,10.0
828,LearnVern,EdTech,Ahmadabad,1.0
829,Leena AI,AI startup,"New York, United States",8.0
830,Leena AI,Computer Software,Gurugram,30.0
831,Legal Salah,LegalTech,Kolkata,1.0
832,Legalwiz.in,Legaltech,Ahmedabad,0.5
833,Legitquest,LegalTech,New Delhi,0.6
834,LenDenClub,Financial Services,Mumbai,10.0
835,LendingKart,Fintech,Ahmedabad,27.439
836,Lendingkart,FinTech,Gujarat,15.0
837,Lenskart,E-commerce,Delhi,275.0
838,Lenskart,Eyewear,Faridabad,220.0
839,Lenskart,Fashion,"Faridabad, Haryana",95.0
840,Let's Dive,SaaS platform,Bangalore,1.7
841,LetsDressUp,Apparel & Fashion,Gurugram,0.3
842,LetsTransport,Logitech,Bangalore,4.3545
843,Leverage Edu,EdTech,New Delhi,2.0
844,Leverage Edu,Edtech,Delhi,1.5
845,Licious,Food,Bangalore,55.0
846,Licious,Food & Beverages,Bangalore,244.0
847,Lido Learning,E-learning,Mumbai,10.0
848,Lido Learning,EdTech,Mumbai,7.5
849,Lido Learning,Edtech,Mumbai,10.5
850,LifeCell,Biotechnology,Chennai,30.0
851,Lil’ Goodness and sCool meal,Food & Nutrition,Bangalore,0.4
852,LimeChat,AI Chatbot,"Faridabad, Haryana",7.5
853,Lio,Computer Software,Pune,5.0
854,LivFin,FinTech,New Delhi,4.7
855,LivFin,Fintech,Delhi,5.0
856,LivQuik Technology,Financial Services,Mumbai,4.0
857,Livspace,Home Design,Bangalore,9.0
858,Livspace,Interior Design,Bangalore,60.0
859,Livve,Rental space,Cochin,1.5
860,Livve Homes,Rental space,Bangalore,5.0
861,LoadShare,Logistics,Bangalore,2.004
862,LoanKuber,Digital mortgage,New Delhi,1.2
863,Locale.ai,Location Analytics,Bangalore,1.0
864,Loco,Gaming,Bangalore,9.0
865,Locobuzz,Analytics,Mumbai,4.0
866,Locus,Logistics,Bangalore,50.0
867,Log 9 Materials,Deeptech,Bangalore,8.5
868,Log 9 Materials,Nanotechnology,Bangalore,2.0
869,Lohum,EV startup,Noida,7.0
870,Loop Health,HealthTech,Pune,2.3
871,Loop Health,Hospital & Health Care,Pune,12.0
872,LoveLocal,Retail,Mumbai,18.0
873,Lumiq,Information Technology,Noida,2.0
874,Lysto,NFT,Bangalore,3.0
875,M1xchange,FinTech,Gurgaon,4.5
876,M1xchange,FinTech,Gurugram,10.0
877,M2P Fintech,Financial Services,Chennai,35.0
878,MFine,Health care,Bangalore,16.0
879,MFine,Hospital & Health Care,Bangalore,48.0
880,MPL,Entertainment,Bangalore,140.0
881,MPL,Gaming,Bangalore,100.0
882,MPL,Gaming startup,Bangalore,5.0
883,MPowered,SaaS,Gurugram,21.0
884,MSMEx,EdTech,Andheri,1.0
885,MYBYK,Rental,Ahmadabad,1.0
886,MYFITNESS,Fitness,Silvassa,1.0
887,MYSUN,Solar,New Delhi,2.0
888,MYSUN,Tech,Delhi,4.257
889,Magenta EV,Renewable Energy,Mumbai,15.0
890,Mailmodo,Marketing & Advertising,Bangalore,2.0
891,Makers Hive,Tech Startup,Hyderabad,9.0
892,Mamaearth,"Health, Wellness & Fitness",Gurugram,37.0
893,Mamaearth,Healthcare,Gurugram,50.0
894,Manch Technologies,Information Technology & Services,Bangalore,1.0
895,MarketWolf,Financial Services,Mumbai,5.5
896,Marquee Equity,FinTech,Mumbai,3.8
897,Masai School,EdTech,Bangalore,7.5
898,MasterChow,Hauz Khas,Food & Beverages,0.461
899,MasterMentors,EdTech,West Bengal,1.5
900,Max Healthcare,HealthCare,New Delhi,140.0
901,Max wholesale,E-commerce,New Delhi,0.603
902,MaxWholesale,Ecommerce,Delhi,3.0
903,Maya,HealthTech,Bangalore,2.2
904,MechMocha,Entertainment,Bangalore,0.292
905,MedGenome,Healthtech,Bangalore,55.0
906,MedLife,Health,Bangalore,6.8
907,MedPay,Information Technology,Bangalore,1.2
908,MedTel Healthcare,HealthCare,Orissia,5.0
909,Meddo,HealthCare,Gurugram,6.0
910,Meddo,Healthcare,Gurgaon,3.0
911,MediBuddy,EdTech,Bangalore,3.0
912,MediBuddy,HealthTech,Bangalore,40.0
913,MediBuddy,Heathcare,Bangalore,3.0
914,Medicus,Healthtech,Mumbai,0.0127
915,Medikabazaar,Healthtech,Mumbai,75.0
916,Medlife,Pharmaceutical,Bangalore,15.5
917,Medpho,Hospital & Health Care,Noida,1.0
918,Meesho,E-commerce,Bangalore,300.0
919,Meesho,Social commerce,Bangalore,570.0
920,Melorra,D2C jewellery,Bangalore,24.0
921,Melorra,Jewellery,Bangalore,8.09
922,Melorra,Jewellery startup,Bangalore,12.5
923,Mensa,D2C,Bangalore,135.0
924,Mensa Brands,Clothing,Bangalore,50.0
925,MentorKart,Consulting,New Delhi,0.15
926,Mentoria,EdTech,Mumbai,0.2
927,Mentza,E-learning,Mumbai,0.4
928,Mera Cashier,Fintech,Noida,0.4
929,MergerDomo,Investment Banking,New Delhi,0.5
930,MergerDomo,Marketplace,Noida,0.197
931,Mestastop Solutions,Biotechnology,Bangalore,0.1
932,Metadome,Computer Software,Bangalore,4.0
933,Method & Madness,Real Estate,Mumbai,2.0
934,Mihup,Conversational AI platform,Kolkata,1.5
935,Miko,AI startup,Mumbai,3.0
936,Miko,Consumer Electronics,Mumbai,28.0
937,Miko,Robotics,Mumbai,6.0
938,Milk Mantra,Food,Odisha,10.0
939,Milkbasket,Logistics,Gurugram,5.5
940,MindTickle,SaaS platform,Pune,100.0
941,Mindhouse,"Health, Wellness & Fitness",Gurugram,6.0
942,Mindhouse,Healthtech,Gurugram,0.286
943,Mindler,EdTech,New Delhi,1.0
944,Minimalist,Cosmetics,Jaipur,10.0
945,Mintoak,Fintech,Mumbai,2.0
946,Mitron,Media,Bangalore,5.267
947,MoEngage,Marketing,Bangalore,25.0
948,MoEngage,Software Startup,Bangalore,30.0
949,MobiKwik,FinTech,Gurgaon,7.0
950,Mobile Premier League,Entertainment,Bangalore,74.0
951,Mobile Premier League (MPL),Gaming,Bangalore,0.5
952,Mobileware Technologies,Information Technology & Services,Mumbai,4.7
953,Mohalla Tech,Social media,Bangalore,266.0
954,Moms Co,E-commerce,New Delhi,5.0
955,Moms Co,HealthCare,Gurgaon,8.0
956,Monech,Fintech,Mumbai,0.0127
957,Monet Networks,AI startup,"Irvine, California, United States",0.5
958,Moneyboxx,FinTech,Mumbai,3.0
959,Moneyboxx Finance,FinTech,New Delhi,1.0
960,MoooFarm,AgriTech,Gurugram,0.5
961,Mosaic Wellness,"Health, Wellness & Fitness",Mumbai,24.0
962,Multi Living,Real Estate,Mumbai,6.0
963,Murf.ai,SaaS startup,Bangalore,1.5
964,Muse Wearables,Tech,Chennai,3.0
965,Muvin,FinTech,Bangalore,1.0
966,MyClassboard,EdTech,Hyderabad,0.6
967,MyDentalPlan,Helathcare,Bangalore,0.7
968,MyGameMate,E-Sports,Bangalore,0.1
969,MyGlamm,Beauty products,Mumbai,20.0
970,MyGlamm,D2C,Mumbai,40.0
971,MyGlamm,Fashion,Mumbai,1.0
972,MyMobiForce,Internet,Noida,1.4
973,Myelin Foundry,AI startup,Bangalore,1.0
974,Myglamm,Beauty,Mumbai,4.327
975,Mynvax,Biotechnology,Bangalore,4.0
976,NCOME,Escrow,New Delhi,0.4
977,NFTically,NFT,Gurugram,1.0
978,NIRA,FinTech,Bangalore,1.0
979,NODWIN,Gaming,Gurugram,20.0
980,NOTO,Consumer Goods,Mumbai,0.5
981,Nalanda Learning,EdTech,Kolkata,5.0
982,Nao Spirits & Beverages Pvt Ltd,Beverages,New Delhi,2.0
983,Nap Chief,Apparel & Fashion,Mumbai,0.2
984,Navia Life Care,Healtcare,New Delhi,1.0
985,Nazara Technologies,Gaming,Mumbai,40.0
986,Near Store,Ecommerce,Mumbai,0.3
987,Neeman,Consumer Goods,Hyderabad,2.0
988,NeoDove,AI startup,Jaipur,15.0
989,Neobank Jupiter,Banking,Mumbai,86.0
990,Neokred,FinTech,Bangalore,0.5
991,NephroPlus,Hospital & Health Care,Hyderabad,24.0
992,Nepra,CleanTech,Ahmedabad,18.0
993,Nestasia,Retail,Kolkata,4.0
994,Nestroots,Fashion,Gurugram,0.1
995,NeuroPixel.AI,Deeptech,Bangalore,0.8
996,Neverinstall,Information Technology,Bangalore,0.37
997,NewLink Group,Tech Startup,Beijing,200.0
998,NewsBytes,Digital Media,Gurugram,1.5
999,NewsReach,Digital Media,Gujarat,1.5
1000,NewsReach,Media,Ahmedabad,0.3
1001,Newton School,EdTech,Bangalore,5.0
1002,Newton School,EdTech Startup,Bangalore,0.65
1003,Nexprt,Consulting,New Delhi,2.0
1004,NimbleBox.ai,MLOps platform,Chennai,1.0
1005,Ninety One,Consumer Goods,Ahmedabad,30.0
1006,Ninjacart,B2B Agritech,Bangalore,10.0
1007,Ninjacart,Food Industry,Bangalore,30.0
1008,Niro,Financial Services,Bangalore,3.5
1009,NirogStreet,Ayurveda tech,Gurugram,2.0
1010,NirogStreet,Healthcare,New Delhi,2.5
1011,Nivesh,FinTech,Noida,1.6
1012,Nivesh.com,Mutual Funds,Noida,0.6
1013,NoBroker,Real Estate,Bangalore,30.0
1014,NoBroker.com,Real Estate,Bangalore,2.1
1015,Nobel Hygiene,HealthCare,Mumbai,60.0
1016,Northern Arc,FinTech,Chennai,65.0
1017,Nova Benefits,"Health, Wellness & Fitness",Bangalore,10.0
1018,Now&Me,HealthCare,New Delhi,1.0
1019,Nu Genes,AgriTech,Telangana,6.0
1020,Nykaa,Ecommerce,Mumbai,21.937
1021,Nykaa,Fashion,Mumbai,24.7
1022,O4S,Information Technology & Services,Gurugram,6.0
1023,ORAI,IT startup,Bangalore,0.4
1024,OTO Capital,FinTech,Mumbai,6.0
1025,OWO Technologies,Food & Beverages,Gurugram,3.0
1026,OYO,Hospitality,Gurugram,865.0
1027,OZiva,Heathcare,Mumbai,12.0
1028,Observe ai,Tech,San Francisco,54.0
1029,Observe.AI,AI,Bangalore,26.0
1030,OckyPocky,EdTech,Gurugram,0.4
1031,Odwen,Warehouse,Noida,0.054
1032,OfBusiness,FinTech,Gurugram,110.0
1033,OfBusiness,Financial Services,Gurugram,325.0
1034,Oga,Fitness,Bangalore,0.33
1035,Ola,Mobility,Bangalore,500.0
1036,Ola,Transportation,Bangalore,311.0
1037,Ola Electric,Automotive,Bangalore,300.0
1038,Ola Electric,eMobility,Bangalore,1.0
1039,Ola Financial Services,Fintech,Bangalore,27.0
1040,Oliveboard,EdTech,Bangalore,3.0
1041,Onato,Computer Software,Bangalore,2.2
1042,OneCard,Financial Services,Pune,76.0
1043,OneCode,Internet,Bangalore,5.0
1044,Onsitego,Customer service company,Mumbai,30.0
1045,Onsurity,Healthcare,Bangalore,16.0
1046,Open Financial Technologies,Financial Services,Bangalore,90.0
1047,Openapp,IoT,Bangalore,0.5
1048,Optimized Electrotech,Aeorspace,Ahmadabad,1.8
1049,Origa,FinTech,Andheri,2.0
1050,Origo,AgriTech,Gurugram,20.8
1051,Otipy,Food & Beverages,Gurugram,10.2
1052,OurEye.ai,Virtual auditing startup,Bangalore,0.12
1053,Ourbetterplanet,E-commerce,Bangalore,0.3
1054,OwO,E-commerce,Gurugram,0.2
1055,Oye Rickshaw,Transportation,Gurugram,3.0
1056,Oyo,Hospitality,Gurgaon,7.0
1057,Oyo,Hospitality,Gurugram,693.0
1058,Ozonetel,Telecommunications,Hyderabad,5.0
1059,O’ Be Cocktails,Wine & Spirits,Bangalore,0.4
1060,PagarBook,Software company,Bangalore,15.0
1061,Pando,Logitech,Chennai,9.0
1062,Pandorum,Deeptech startup,Bangalore,5.06
1063,Pankhuri,Social community,Bangalore,3.2
1064,Paper Boat,Food & Beverages,Bangalore,4.0495
1065,Paper Boat,Food & Beverages,Gurugram,3.7
1066,Paperfly,E-commerce,Bangalore,11.0
1067,Pariksha,EdTech,Pune,3.8
1068,Park+,Tech startup,New Delhi,25.0
1069,ParkSmart,IoT,Delhi,0.198
1070,PayGlocal,Financial Services,Bangalore,4.9
1071,Paytail,Financial Services,New Delhi,1.5
1072,Paytm money,Fintech,Bangalore,5.6
1073,Pazcare,Insurance,Bangalore,3.5
1074,Peak,"Manchester, Greater Manchester",Information Technology & Services,75.0
1075,Pee Safe,HealthCare,Gurugram,3.0
1076,Peel-Works,E-commerce,Mumbai,3.0
1077,Pencil,Content publishing,Mumbai,1.0
1078,Pencilton,FinTech,Hyderabad,0.33
1079,Penny,SaaS startup,Riyadh,1.3
1080,Pepper,Content Marktplace,Mumbai,0.3069
1081,Pepper Content,Content marketplace,Mumbai,4.2
1082,Pepperfry,E-commerce,Mumbai,30.0
1083,Pepperfry,E-market,Mumbai,40.0
1084,Peppermint,Industrial Automation,Pune,0.6
1085,Perfora,Consumer Goods,Gurugram,0.26
1086,PetPooja,SaaS,Ahmedabad,2.0
1087,Petpooja,Information Technology & Services,Ahmedabad,4.5
1088,Phable,HealthTech,Bangalore,12.0
1089,PharmEasy,HealthTech,Mumbai,350.0
1090,Phi Commerce,FinTech,Pune,4.0
1091,PhonePe,FinTech,Andheri,20.0
1092,PhonePe,FinTech,New Delhi,700.0
1093,Phononic Vibes,Deeptech,"Milano, Lombardia, Italy",2.3
1094,Phool.co,Biomaterial startup,Kanpur,1.4
1095,PiBeam,Automotive tech,Chennai,50.0
1096,Pickright Technologies,FinTech,Bangalore,0.2
1097,Pickright Technologies,Fintech,Bangalore,0.175
1098,Pickrr,Logistics,New Delhi,4.0
1099,Pickrr,Logistics & Supply Chain,Gurugram,12.0
1100,Picxy,Media,Hyderabad,0.25
1101,Piggy Ride,SaaS,Bangalore,1.862
1102,Pine Labs,Information Technology,Noida,0.6
1103,Pine Labs,Information Technology & Services,Noida,100.0
1104,PingoLearn,E-learning,Pune,0.2
1105,Pitstop,Automobile,Bangalore,2.5
1106,Pitstop,Automotive,Bangalore,3.5
1107,Pitstop,Car Service,Bangalore,1.02
1108,Pixuate,Deeptech,Bangalore,1.0
1109,Pixxel,SpaceTech,Bangalore,12.3
1110,PlanetSpark,Edtech,Gurugram,0.4485
1111,PlanetSpark,Education Management,Gurugram,13.0
1112,Planys,Maritime,Chennai,1.6
1113,PlayShifu,EdTech,Bangalore,17.0
1114,PlayerzPot,Gaming startup,Mumbai,3.0
1115,Playo,SportsTech,Bangalore,0.5
1116,Playto Labs,E-learning,Bangalore,0.5
1117,Plix,"Health, Wellness & Fitness",Mumbai,5.0
1118,Plum,Cosmetics,Thane,0.115
1119,Plum,HealthCare,Bangalore,15.0
1120,Plum,HealthTech,Bangalore,4.1
1121,Plum,Healthtech,Bangalore,0.927
1122,Plutomen,AR startup,Ahmadabad,0.3
1123,Pocket Aces,Media,Mumbai,2.0
1124,Pocket FM,FM,Bangalore,5.0
1125,Pocket FM,OTT,Bangalore,22.0
1126,Pocket52,Gaming,Bangalore,1.75
1127,Policybazaar,Insurance,Gurugram,75.0
1128,Porter,Logistics,Mumbai,18.37
1129,Porter,Logistics & Supply Chain,Bangalore,100.0
1130,Postman,Computer software,Bangalore,225.0
1131,Power Gummies,Nutrition,New Delhi,1.0
1132,Powerplay,Construction,Bangalore,5.2
1133,Practically,E-learning,Hyderabad,5.0
1134,Practically,EdTech,Telangana,4.0
1135,Pratilipi,Media,Bangalore,9.4
1136,Pratilipi,Online storytelling,Bangalore,48.0
1137,Prayaan Capital,Fintech,Chennai,1.2
1138,PredictiVu,Management Consulting,Gurugram,1.5
1139,Prescinto,Solar,Gujarat,3.5
1140,Prescribe,HealthTech,Chennai,0.1
1141,Pristyn Care,HealthCare,Gurugram,11.0
1142,Pristyn Care,HealthTech,Gurugram,53.0
1143,Pristyn Care,Hospital & Health Care,Gurugram,96.0
1144,ProEves,Preschool Daycare,Delhi,0.507
1145,ProPhysio,Health,Bangalore,0.0409
1146,Probus,IoT,New Delhi,0.5
1147,Probus Insurance,Insurance,Mumbai,6.7
1148,Procol,Agritech,Delhi,3.823
1149,Prodo,Business Supplies & Equipment,New Delhi,0.3
1150,Proeon,Food Production,Pune,2.0
1151,ProfitWheel,Marketing & Advertising,Mumbai,3.0
1152,Progcap,FinTech,New Delhi,31.0
1153,Prolgae,Biotechnology,The Nilgiris,0.2
1154,PropReturns,Real Estate,Mumbai,1.2
1155,Public,Social Media,New Delhi,30.0
1156,Pulse,FinTech,Mumbai,0.75
1157,PumPumPum,Automotive Startup,Gurgaon,0.36
1158,PumPumPum,IoT/Automobile,Gurugram,0.293
1159,PumPumPum,Rental,Gurugram,0.7
1160,Puresh Daily,Milk startup,Ranchi,0.1
1161,Purple Style Labs,Fashion,Mumbai,0.043
1162,PurpleTutor,EdTech,Mumbai,0.3
1163,Purplle,Beauty products,Mumbai,45.0
1164,Purplle,Cosmetics,Mumbai,38.0
1165,Purplle,E-commerce,Mumbai,70.0
1166,QShala,EdTech,Bangalore,0.3
1167,QTalk,Technology,Bangalore,1.6
1168,Qapita,FinTech,Singapore,1.08
1169,Qoohoo,Social platform,Bangalore,0.8
1170,QuaQua,Travel,Hyderabad,1.0
1171,Questt,EdTech,Gurugram,7.75
1172,QuickSell,E-commerce,Mumbai,2.0
1173,QuickShift,Logistics & Supply Chain,Pune,0.77
1174,Quicko,Taxation,Ahmedabad,0.28
1175,Quintype,Content management,Bangalore,3.5
1176,Quintype Technologies,Tech,Bangalore,0.325
1177,Quizizz,EdTech,Bangalore,12.5
1178,Qure ai,Healthtech,Mumbai,16.0
1179,Qyuki,Media,Mumbai,3.5
1180,R for Rabbit,Consumer Goods,Ahmedabad,5.0
1181,RACEnergy,Automotive,Hyderabad,1.3
1182,RENEE Cosmetics,Cosmetics,Ahmedabad,1.5
1183,REVOS,Automotive,Bangalore,4.0
1184,RIPPLR,Logistics & Supply Chain,Bangalore,12.0
1185,Rage Coffee,Food & Beverages,New Delhi,5.0
1186,RailYatri,Travel,Noida,13.8
1187,Railofy,Transportation,Mumbai,5.0
1188,Railofy,WL & RAC protection,Mumbai,0.9
1189,Rapawalk,E-commerce,Bangalore,0.3
1190,Rapido,Information Technology & Services,Bangalore,52.0
1191,Rapido,Transportation,Bangalore,43.0
1192,Raptee Energy,Automotive,Chennai,0.7
1193,Rare Planet,Retail startup,Kolkata,0.4
1194,Razorpay,FinTech,Bangalore,260.0
1195,ReDesyn,Merchandise,Mumbai,0.3
1196,ReadyAssist,Vehicle repair startup,Bangalore,1.0
1197,Rebel Foods,Cloud kitchen,Mumbai,175.0
1198,Rebel Foods,Food,Pune,50.0
1199,Rebel Foods,Food tech,Mumbai,26.5
1200,Reccy Adventures,Sports startup,Gurugram,0.4
1201,Recko,SaaS,Bangalore,6.0
1202,Recordent,Financial Services,Hyderabad,0.4
1203,Refrens,SaaS,Bangalore,1.0
1204,Refyne,FinTech,Bangalore,20.0
1205,Rein Games,Technology,Noida,50.0
1206,Reliance,Multinational conglomerate company,Mumbai,2200.0
1207,Reliance Retail,E-commerce,Mumbai,20.22
1208,Reliance Retail Ventures,E-commerce,Mumbai,800.0
1209,Reliance Retail Ventures Ltd,Retail,Mumbai,70000.0
1210,Remedico,Healthcare,Hyderabad,0.5
1211,RenewBuy,FinTech,Gurugram,10.0
1212,RenewBuy,Insuretech,Gurugram,45.0
1213,Rentmojo,Rental,Bangalore,6.2059999999999995
1214,Rentomojo,Furniture Rental,Bangalore,10.0
1215,Rephrase.ai,AI,Bangalore,1.5
1216,ReshaMandi,AgriTech,Bangalore,1.7
1217,ReshaMandi,B2B,Bangalore,30.0
1218,Revfin,Financial Services,New Delhi,4.0
1219,Ripsey,Nutrition tech,Mumbai,0.133
1220,RiseBird,Human Resources,Pune,0.5
1221,Riskcovry,InsureTech,Bangalore,5.0
1222,Rivigo,Logistics,Gurgaon,19.0
1223,Rivigo,Logistics,Gurugram,3.4
1224,Rockclimber,Food & Beverages,Bangalore,1.0
1225,Rocket Skills,EdTech,Gurugram,0.2
1226,Rooter,Gaming,Delhi,1.7
1227,Routematic,SaaS startup,Bangalore,2.0
1228,Ruangguru,Edtech,Mumbai,150.0
1229,Rubix Data Sciences,IT startup,Mumbai,0.8
1230,RuleZero,Tech Startup,Bangalore,1.0
1231,Rulezero,Financial Services,Bangalore,2.5
1232,Rupeek,FinTech,Bangalore,45.0
1233,Rupeek,Fintech,Bangalore,30.0
1234,Rupifi,FinTech,Bangalore,4.1
1235,Rupifi,Financial Services,Bangalore,1.0
1236,Ruptok,FinTech,New Delhi,11.0
1237,Ruptok Fintech,Financial Services,New Delhi,2.0
1238,RuralBasket,E-commerce,"Tirunelveli, Tamilnadu",0.5
1239,SALT,Financial Services,Bangalore,0.5
1240,SATYA MicroCapital,Banking,New Delhi,10.0
1241,SATYA MicroCapital,FinTech,New Delhi,20.0
1242,SAWO Labs,SaaS platform,Mumbai,0.6
1243,SK Finance,Financial Services,Jaipur,53.0
1244,SMEcorner,Fintech,Mumbai,30.0
1245,SOAL,EdTech,Mumbai,1.0
1246,SP Robotic Works,EdTech,Chennai,3.0
1247,SSA Finserv,FinTech,Mumbai,3.0
1248,STAGE,Entertainment,Indore,1.0
1249,SUGAR cosmetics,Cosmetics,Mumbai,2.0
1250,SUN Mobility,Automotive,Bangalore,50.0
1251,SaaS Labs,SaaS,Noida,17.0
1252,Safex Chemicals,AgriTech,New Delhi,50.0
1253,Safexpay,FinTech,Thane,6.0
1254,SalaryBox,Financial Services,Gurugram,4.0
1255,Salesken,AI & Data science,Bangalore,8.0
1256,Samaaro,SaaS startup,Bangalore,0.125
1257,Samosa Singh,Food,Bangalore,2.7
1258,Samunnati,AgriTech,Chennai,10.0
1259,Samunnati,Agriculture,Chennai,20.0
1260,Sanctum Wealth,Investment Management,Mumbai,10.0
1261,Sanfe,"Health, Wellness & Fitness",New Delhi,1.0
1262,Sanfe,Hygiene,Delhi,1.1
1263,Sapio Analytics,Computer software,Mumbai,0.15
1264,Sapio Analytics,Tech company,Mumbai,0.15
1265,Sarathi,HealthCare,Jodhpur,0.1
1266,Sarva,Yoga & wellness,Chennai,2.8
1267,SarvaGram,FinTech,Mumbai,10.0
1268,Satin Creditcare,Fintech,Gurgaon,15.0
1269,Satyukt,Agri tech,Bangalore,0.5
1270,Saveo,HealthTech,Bangalore,4.0
1271,Say Cheese,FemTech,Mumbai,1.0
1272,Scentials,Personal Care,Mumbai,6.0
1273,Sea6 Energy,Biotechnology,Bangalore,9.0
1274,SecureNow,Insurance,Gurugram,6.0
1275,SeeVC,Tech Startup,New Delhi,1.0
1276,Seekify,SaaS,Delhi,1.5
1277,SenseHawk,Solar SaaS,Bangalore,5.0
1278,Servify,Manufacturing,Mumbai,11.37
1279,Servify,SaaS,Mumbai,11.37
1280,Servify,Service industry,Mumbai,23.0
1281,Settl,Real Estate,Bangalore,0.5
1282,Shadez,Consumer Services,Mumbai,0.2
1283,Shadez,Interior & decor,Mumbai,0.1
1284,Shadowfax,Logistics,Bangalore,60.0
1285,ShareChat,Media,Bangalore,0.351
1286,ShareChat,Social Media,Bangalore,500.0
1287,ShareChat,Social media,Bangalore,40.0
1288,Shiprocket,E-commerce,New Delhi,7.5
1289,Shiprocket,Logistics,New Delhi,41.0
1290,ShipsKart,E-commerce,New Delhi,0.2
1291,Shipsy,AI Company,Gurugram,6.0
1292,ShopMyLooks,Digital platform,Noida,0.2
1293,ShopSe,FinTech,Mumbai,5.5
1294,ShopUp,E-commerce,Bangaldesh,22.0
1295,ShopX,Ecommerce,Bangalore,1.41
1296,Shuttl,Transport,Delhi,16.0187
1297,Shyplite,Logistics,New Delhi,1.0
1298,SignalX,AI startup,Hyderabad,0.8
1299,SignalX,SaaS platform,Hyderabad,0.75
1300,Signzy,AI platform,Bangalore,3.0
1301,Signzy,FinTech,Bangalore,5.4
1302,Simpl,Consumer Services,Bangalore,40.0
1303,Simple Energy,Automotive,Bangalore,21.0
1304,SimpliContract,Software,Bangalore,1.8
1305,Simsim,Social Commerce,Bangalore,8.0
1306,Sindhuja Microcredit,Fintech,Noida,8.7
1307,Siply,FinTech,Bangalore,1.0
1308,Siply,Financial Services,Bangalore,3.2
1309,SirionLabs,SaaS,Gurugram,44.0
1310,Sirona Hygiene,"Health, Wellness & Fitness",New Delhi,10.0
1311,Sirona Hygiene,HealthTech,New Delhi,3.0
1312,Skeps,FinTech,Gurugram,9.5
1313,Skillmatics,EdTech,Mumbai,6.0
1314,SkilloVilla,EdTech,Bangalore,0.3
1315,Skippi Ice Pops,Food Production,Hyderabad,0.13
1316,Skit,AI startup,Bangalore,23.0
1317,Skylark Drones,Aviation,Bangalore,3.0
1318,Skymet,Environmental Services,Noida,1.0
1319,SleepyCat,Furniture,Mumbai,3.8
1320,Slice,FinTech,Bangalore,25.0
1321,Slice,Financial Services,Bangalore,230.0
1322,Slice,Fintech,Bangalore,6.082
1323,Slintel,Sles and marketing,"San Francisco Bay Area, Silicon Valley, West Coast",4.2
1324,Slurrp Farm,Food & Bevarages,Gurgaon,2.0
1325,Smallcase,FinTech,Bangalore,53.4
1326,Smart Express,Logistics,Mumbai,10.0
1327,Smart Institute,Edtech,Surat,1.5
1328,Smart Joules,Renewable Energy,New Delhi,49.0
1329,SmartClean,Tech Startup,Singapore,3.4
1330,SmartCoin,FinTech,Bangalore,10.0
1331,SmarterBiz,Tech,Bangalore,1.065
1332,Smartstaff,Recruitment,Bangalore,4.3
1333,Smytten,Consumer Goods,Gurugram,6.0
1334,Snowflake,Tech company,California,3000.0
1335,SoOLEGAL,LegalTech,New Delhi,4.0
1336,Solethreads,Fashion,Gurugram,1.0
1337,Soothe Healthcare,Consumer Goods,New Delhi,10.0
1338,Sourcewiz,Information Technology & Services,Gurugram,3.0
1339,SpEd@home,EdTech,Mumbai,0.3
1340,Spaciya Consultants,Real Estate,Noida,0.5
1341,Spardha,EdTech,Pune,0.4
1342,Speciale Invest,FinTech,Bangalore,10.0
1343,Specsmaker,Eye Wear,Chennai,3.06
1344,Specsmakers,Eyeglasses,Chennai,3.0
1345,Spinny,Automobile,Delhi,50.0
1346,Spinny,Automotive,Gurugram,356.0
1347,Spinny,E-tail,Haryana,43.7
1348,Spinny,Retail,Gurugram,65.0
1349,Spintly,IoT,Goa,0.248
1350,Spintly,Tech Startup,Goa,0.5
1351,SplashLearn,EdTech,Gurugram,18.0
1352,Spoonshot,FMCG,Bangalore,1.0
1353,Sporjo,SportsTech,Mumbai,4.0
1354,SportZchain,sports,Mumbai,0.4
1355,Spottabl,Human Resources,Bangalore,0.4
1356,Spry,Music,Mumbai,1.5
1357,SquadStack,Tech company,San Francisco,5.0
1358,Square Yards,Real Estate,Gurugram,25.0
1359,Sreyas Holistic Remedies,Medtech,Hyderabad,1.0
1360,Stack,Financial Services,Bangalore,4.5
1361,StackBOX,Logistics & Supply Chain,Bangalore,1.2
1362,Stanplus,Healthtech,Hyderabad,1.5
1363,Stanza Living,Accomodation,Delhi,5.7
1364,StayQrious,EdTech,Bangalore,2.0
1365,Stelis Biopharma,BioTechnology,Bangalore,195.0
1366,Stellaris Venture Partners,Venture Capital,Bangalore,225.0
1367,Sterling Accuris Wellness,Hospital & Health Care,Ahmedabad,30.0
1368,StockGro,FinTech,Bangalore,5.0
1369,Stones2milestones,EdTech,Gurugram,2.0
1370,Storia,Food & Beverages,Mumbai,6.0
1371,Strata,Proptech,Bangalore,1.5
1372,Strata,Real Estate,Bangalore,25.067328
1373,Stride Ventures,Venture capitalist,New Delhi,80.0
1374,Strip Finance,Financial Services,Hyderabad,0.4
1375,Studio Sirah,Computer Games,Bangalore,0.8
1376,StyleDotMe,Fashion Tech,Gurugram,0.467
1377,Stylework,Co-working,Gurugram,0.5
1378,SucSEED,Finance,Hyderabad,1.3
1379,SucSEED Indovation,FinTech,Hyderabad,5.0
1380,Sugar.fit,Health,Bangalore,10.0
1381,SugarBox,Tech,Mumbai,68.525
1382,Sunday,FinTech,Bangkok,9.0
1383,Sunstone Eduversity,EdTech,Gurugram,31.0
1384,Super Surfaces,Deisgning,Hyderabad,0.5
1385,SuperBottoms,Consumer Goods,Mumbai,0.4
1386,SuperGaming,Gaming,Pune,11.0
1387,SuperK,Retail,"Small Towns, Andhra Pradesh",0.8
1388,SuperMoney,Fintech,Mumbai,1.0
1389,SuperOps.ai,AI startup,Chennai,3.0
1390,SuperZop,Retail,Mumbai,4.0
1391,Superplum,AgriTech,Noida,3.8
1392,Superpro.ai,Video communication,Bangalore,3.0
1393,Supersourcing,Software company,Indore,0.2
1394,Supertails,Consumer Services,Bangalore,0.7
1395,Supertails,Pet care,Bangalore,2.6
1396,Supply6,Helathcare,Bangalore,0.1
1397,SupplyNote,Food & Beverages,Noida,1.2
1398,Supplynote,SaaS startup,Noida,0.5
1399,Suryoday,Finance,Mumbai,0.8
1400,Svami,Food & Bevarages,Mumbai,0.8
1401,Svasti Microfinance,FinTech,Mumbai,4.0
1402,Svish,Consumer Goods,Gurugram,0.4
1403,Swajal,Water purification,Gurugram,1.6
1404,Swiflearn,EdTech,Gurugram,3.0
1405,Swiggy,Food delivery,Bangalore,800.0
1406,Swiggy,Foodtech,Bangalore,156.0
1407,Synapsica,HealthCare,New Delhi,4.0
1408,Syook,Industrial Automation,Bangalore,1.0
1409,TABLT,HealthCare,Kolkata,3.0
1410,TRDR,Financial Services,Bangalore,0.15
1411,TREAD,Fitness startup,Bangalore,1.1
1412,TWID,FinTech,Bangalore,2.5
1413,TagMango,Marketing company,Mumbai,0.7
1414,TagZ Foods,Food,Bangalore,0.5
1415,Taikee,E-commerce,Mumbai,1.0
1416,Taimei,HealthCare,"Jiaxing, Zhejiang, China",176.0
1417,Tamasha,Entertainment,Mumbai,3.0
1418,Tamasha.live,Gaming,Mumbai,0.3
1419,TartanSense,Information Technology,Bangalore,10.0
1420,Taskmo,B2B Marketplace,Bangalore,1.4
1421,Tattva,Beauty & wellness,Delhi,0.15
1422,TaxBuddy.com,FinTech,Mumbai,1.0
1423,Tea Trunk,Beverage,Goa,0.22
1424,TeaMonk,Food & Bevarages,Bangalore,0.9
1425,Teachmint,E-learning,Bangalore,78.0
1426,Teachmint,EdTech,Bangalore,36.5
1427,Teachmint,Edtech,Bangalore,3.5
1428,TechEagle,Aviation & Aerospace,Gurugram,0.5
1429,Tekie,EdTech,Gurugram,1.5
1430,Tekion,AI startup,"San Ramon, California",150.0
1431,TenderCuts,Food Industry,Chennai,15.0
1432,Tessol,Logistics,Mumbai,0.16
1433,Tessolve,Electronics,Bangalore,40.0
1434,ThatMate,HealthCare,Satara,0.14
1435,The Good Glamm Group,Information Technology & Services,Pune,150.0
1436,The Gourmet Jar,Food & Beverages,Noida,0.15
1437,The Health company,AI health,Gurugram,0.35
1438,The Hosteller,Hospitality,Mumbai,1.0
1439,The Indus Valley,Consumer Goods,Chennai,1.1
1440,The Money Club,Financial Services,Noida,1.7
1441,The New Shop,Retail startup,New Delhi,0.5
1442,The Sleep Company,Consumer Goods,Mumbai,1.0
1443,The Viral Fever,Entertainment,Mumbai,2.0
1444,The Whole Truth,Food & Beverages,Mumbai,6.0
1445,The ePlane,Drone,Chennai,1.0
1446,TheHouseMonk,Real Estate,Bangalore,5.0
1447,Thingsup,IoT platform,Pune,1.0
1448,Tickertape,Financial Services,Bangalore,5.0
1449,Tiliter,Retail,Sydney,7.5
1450,Tilt,Bike Rental,Bangalore,0.125
1451,Tinkerly,EdTech,Jaipur,0.8
1452,Toch,AI,Mumbai,1.0
1453,Toch.ai,SaaS,Mumbai,11.0
1454,Toffee Insurance,Insurance technology,Haryana,5.5
1455,Toothsi,Health,Mumbai,20.0
1456,Toothsi,Healthcare,Mumbai,5.0
1457,Toplyne,Computer Software,Bangalore,2.5
1458,Toppersnotes,Education Management,Jaipur,1.0
1459,Toppr,EdTech,Mumbai,35.0
1460,Toppr,Edtech,Mumbai,46.761
1461,Totality,Entertainment,Gurugram,1.0
1462,Tracxn,Investment,Bangalore,0.887
1463,TranZact,Information Technology & Services,Mumbai,7.0
1464,TravClan,B2B Travel,New Delhi,2.2
1465,Treebo Hotels,Hospitality,Bangalore,22.0
1466,Trell,Social Media,Bangalore,2.0
1467,Trell,Social commerce,Bangalore,145.0
1468,Trell,Social e-commerce,Bangalore,15.0
1469,Tribe Theory,Accomodation,Bangalore,3.5
1470,Trica,Equity Management,Mumbai,3.0
1471,Tricog,Healthtech,Bangalore,10.5
1472,Trinkerr,Capital Markets,Bangalore,6.6
1473,Troo Good,E-commerce,Hyderabad,7.0
1474,True Balance,FinTech,Gurugram,38.0
1475,True Balance,Financial Services,Gurugram,30.0
1476,True Elements,Food and Beverages,Pune,1.0
1477,TrueFan,Media,Mumbai,4.3
1478,Truemeds,Heathcare,Mumbai,5.0
1479,TrulyMadly,Dating,New Delhi,2.0
1480,TrulyMadly Matchmakers,Dating app,Gurugram,0.11
1481,Tummoc,Mobility,Bangalore,0.54
1482,TurboHire,Recruitment startup,Hyderabad,1.0
1483,Turnip,Gaming,Bangalore,1.6
1484,Turtlemint,HealthTech,Mumbai,30.0
1485,Turtlemint,InsureTech,Mumbai,45.0
1486,Tvasta,Mechanical Or Industrial Engineering,Chennai,0.4
1487,Twin Health,"Health, Wellness & Fitness",Chennai,140.0
1488,Uable,EdTech,Bangalore,35.0
1489,Udaan,E-commerce,Bangalore,280.0
1490,Udacity,EdTech,California,75.0
1491,Udayy,EdTech,Gurgaon,2.5
1492,Ultrahuman,Healthcare,Bangalore,17.5
1493,Ultraviolette,Automotive,Bangalore,150.0
1494,Ultraviolette Automotive,Automation,Bangalore,0.41
1495,Ultraviolette Automotive,Automobiles,Bangalore,4.0
1496,Umeed Housing,Fintech,Haryana,23.0
1497,Unacademy,EdTech,Bangalore,200.0
1498,Unacademy,Edtech,Bangalore,110.0
1499,Unbox Robotics,AI startup,Bangalore,1.2
1500,Unbox Robotics,Logistics & Supply Chain,Pune,7.0
1501,UnboxRobotics Labs,Automation tech,Bangalore,0.5
1502,Uni,FinTech,Mumbai,18.5
1503,Uni Cards,Financial Services,Bangalore,70.0
1504,Univariety,Edtech,Hyderabad,1.1
1505,Universal Sportsbiz,Fashion,Bangalore,0.53
1506,Unlu,Celebrity Engagement,Gurugram,1.0
1507,Unnati,AgriTech,Noida,1.7
1508,Unnati,FinTech,Noida,7.0
1509,Unotech,SaaS,Mumbai,2.0
1510,Unremot,Information Technology & Services,Bangalore,0.7
1511,Uolo,EdTech,Bangalore,2.0
1512,UpScalio,E-commerce,Gurugram,42.0
1513,Upside AI,FinTech,Mumbai,1.2
1514,UptimeAI,AI startup,Bangalore,1.5
1515,Urban Company,Home services,New Delhi,438.0
1516,UrbanMatrix Technologies,Drone,Chennai,0.1
1517,Uvi Health,Healthcare,Bangalore,0.33
1518,VLCC Health Care,"Health, Wellness & Fitness",Gurugram,4.0
1519,VRO Hospitality,Hospitality,Bangalore,3.0
1520,Vah Vah!,EdTech,Bangalore,1.8
1521,Vahak,Transportation,Bangalore,5.0
1522,Vahan,Information Technology & Services,Bangalore,8.0
1523,Vahdam,Food & Beverages,New Delhi,20.0
1524,Vakilsearch,Legal Services,Chennai,10.0
1525,Valuationary,E-learning,Surat,0.1
1526,Vanity Wagon,Consumer Goods,New Delhi,0.7
1527,Vanity Wagon,Cosmetics,Haryana,0.2
1528,Varthana,Fintech,Bangalore,15.0
1529,Vayana Network,Financial Services,Pune,30.0
1530,Vedantu,E-learning,Bangalore,100.0
1531,Vedantu,Edtech,Bangalore,143.3
1532,Vedic Cosmeceuticals,Cosmetics,Noida,32.0
1533,Veefin,Information Technology & Services,Mumbai,3.0
1534,Vegrow,Agritech,Bangalore,2.5
1535,Vegrow,Farming,Bangalore,13.0
1536,Velocity,FinTech,Bangalore,1.3
1537,Velocity,Financial Services,Bangalore,20.0
1538,VenWiz,B2B service,Bangalore,0.3
1539,Vendor Infra,Construction,Gurugram,0.265
1540,VerSe Innovation,Innovation Management,Bangalore,1000.0
1541,VerSe Innovation,Media,Bangalore,450.0
1542,VerSe Innovation,Telecommunication,Bangalore,100.0
1543,Verandah,Apparel & Fashion,Mumbai,1.0
1544,Vernacular ai,AI,Bangalore,5.1
1545,VestSpace,Spacetech,Pune,10.0
1546,Vesta Space Technology,Tech Startup,Pune,10.0
1547,Vidyakul,EdTech,Gurugram,0.5
1548,VilCart,Retail,Bangalore,2.0
1549,Virohan,EdTech,Gurugram,3.0
1550,Virohan,Healthcare/Edtech,Gurgaon,2.8
1551,Visit Health,"Health, Wellness & Fitness",New Delhi,7.5
1552,Vista Rooms,Hospitality,Mumbai,1.0
1553,Vistaar Finance,Finance company,Bangalore,30.0
1554,Vital,Insuretech,New Delhi,3.0
1555,VitalTech,HeathTech,"Plano, Texas, United States",3.0
1556,Vivriti Capital,FinTech,Chennai,1.0
1557,Vivriti Capital,Fintech,Chennai,50.0
1558,Vogo,Automotive,Bangalore,55.0
1559,Voiro,Advertisement,Bangalore,1.8
1560,Voxelgrids,Deeptech,Bangalore,5.0
1561,WESS,Renewable Energy,Mumbai,2.0
1562,WINDO,E-commerce,Hyderabad,0.5
1563,WakeFit,Retail,Bangalore,20.0
1564,Wakefit,Furniture,Bangalore,20.0
1565,Wasabi,Consulting,Bangalore,1.8
1566,WayCool,Agritech startup,Chennai,5.06
1567,WayCool Foods,AgriTech,Chennai,7.8
1568,Waycool,Agritech,Chennai,37.5
1569,We Founder Circle,FinTech,Mumbai,2.0
1570,WeRize,Financial Services,Bangalore,8.0
1571,WeSkill,E-learning,Gurugram,4.0
1572,WeWork India,Hospitality,Bangalore,26.0
1573,Wellcure,Healthtech,Gurugram,0.2
1574,Wellness Forever,HealthTech,Mumbai,100.0
1575,Wellthy Therapeutics,Healthtech,Bangalore,4.0
1576,Whatfix,SaaS,Banglore,32.0
1577,Whiz League,EdTech,New Delhi,0.3
1578,WiT-ACE,Skill development,Gurugram,1.0
1579,WickedGud,Food & Beverages,Mumbai,0.34
1580,Wiggles.in,Veterinary,Pune,5.5
1581,Wiingy,E-learning,Bangalore,0.4
1582,WinZO,Gaming,New Delhi,83.0
1583,Wingreens Farms,Food & Beverages,Gurugram,17.0
1584,Winuall,Edtech,Bangalore,2.0
1585,Winzo,Gaming startup,New Delhi,2.0
1586,WishADish,Food & tech,Delhi,6.0
1587,Wiz Freight,Logistics & Supply Chain,Chennai,3.5
1588,WizKlub,EdTech,Bangalore,0.8
1589,WizKlub,Edtech,Bangalore,0.98253
1590,Wobb,Marketing,Gurugram,0.2
1591,Wobot Intelligence,AI,Delhi,2.5
1592,Wonderchef,Consumer Goods,Mumbai,20.0
1593,Wondrlab,Marketing & Advertising,Mumbai,7.0
1594,Wooden Street,Ecommerce,Jaipur,3.0
1595,WoodenStreet,Home Design,Rajastan,1.0
1596,Wow! Momo,Food & Beverages,Kolkata,15.0
1597,Wow! Momo,Food Industry,Kolkata,5.0
1598,Wysa,AI company,Bangalore,5.0
1599,Wysh,E-connect,Hyderabad,2.0
1600,XYXX Apparels,Fashion,Surat,4.0
1601,Xpand,Retail,New Delhi,1.5
1602,Xpressbees,E-commerce,Pune,100.0
1603,Xpresslane,Tech startup,Bangalore,0.4
1604,Xtracap,Fintech,Gurugram,1.0
1605,YAP,API platform,Chennai,4.05
1606,YAP,FinTech,Chennai,10.0
1607,YPay,FinTech,Noida,0.4
1608,Yap,Fintech,Chennai,5.902
1609,Yellow Class,EdTech,Gurugram,6.0
1610,Yellow Classes,EdTech,Gurugram,1.3
1611,Yellow Messenger,AI,Bangalore,20.0
1612,Yodacart,E-commerce,Thane,0.225
1613,Yojak,B2B marketplace,Gurugram,3.8
1614,Yolo,Transport,Gurugram,1.2
1615,YoloBus,Mobility/Transport,Gurugram,3.3
1616,Your MD,Healthcare,"London, England, United Kingdom",25.0
1617,YourPhysio,HealthTech,Nagpur,0.35
1618,Yu Foodlabs,Food & Beverages,Gurugram,1.0
1619,Yumlane,Cloud Kitchen,Mumbai,1.0
1620,Yummy Corp,Food Industry,"Tangerang, Jawa Barat, Indonesia",12.0
1621,ZFW Hospitality,Food & Beverages,New Delhi,0.15
1622,Zaara Biotech,BioTechnology,Kottayam,10.0
1623,Zenduty,Computer Software,Bangalore,1.9
1624,Zepto,E-commerce,Bangalore,100.0
1625,Zepto,E-commerce,Mumbai,60.0
1626,Zerone,FinTech,Gurgaon,1.3
1627,Zest Money,Fintech,Bangalore,15.0
1628,ZestMoney,Financial Services,Bangalore,50.0
1629,Zetwerk,E-commerce,Bangalore,120.0
1630,Zetwerk,Manufacturing,Bangalore,32.0
1631,Zetwerk,Marketplace,Bangalore,23.2
1632,Zetwerk,Mechanical & Industrial Engineering,Bangalore,150.0
1633,Zetwerk,Mechanical Or Industrial Engineering,Bangalore,600.0
1634,Zhangmen,Edtech,"Shanghai, China",400.0
1635,Zimyo,HR Tech startup,Gurgaon,1.5
1636,Zingavita,HealthTech,Chandigarh,0.4
1637,Zingbus,Mobility,Gurugram,5.0
1638,Zinier,Automation,Bangalore,90.0
1639,ZipLoan,Finance company,New Delhi,3.0
1640,ZipLoan,Fintech,Delhi,2.0
1641,Zoko,Tech Startup,Bangalore,140.0
1642,Zolostays,Co-living,Bangalore,56.0
1643,Zolve,FinTech,Bangalore,15.0
1644,Zolve,Financial Services,Bangalore,40.0
1645,Zomato,Food Delivery,Gurgaon,660.0
1646,Zomato,Food devlivery,Haryana,162.0
1647,Zomato,FoodTech,Gurugram,52.0
1648,Zomato,Foodtech,Gurugram,5.0
1649,Zoomcar,Mobility,Bangalore,92.0
1650,Zoomcar,Transport & Rentals,Bangalore,34.8
1651,Zorro,Social network,Gurugram,32.0
1652,Zotalabs,Tech Startup,Pune,1.25
1653,ZunRoof,Cleantech,Gurugram,3.0
1654,Zupee,Gaming,Gurgaon,10.0
1655,Zupee,Gaming,Gurugram,30.0
1656,Zuper,SaaS startup,Seattle,1.1
1657,Zvesta,Proptech,Gurugram,5.5
1658,Zypp Electric,Logistics & Supply Chain,Gurugram,7.0
1659,bitsCrunch,Blockchain,Chennai,0.7
1660,boAt,Electronics,New Delhi,6.0
1661,boAt,Fashion & Lifestyle,Mumbai,100.0
1662,byteXL,E-learning,Hyderabad,0.2
1663,eJOHRI,Jewellery,Mumbai,1.0
1664,ePayLater,Financial Services,Mumbai,10.0
1665,eShipz,SaaS startup,Bangalore,0.7
1666,goDutch,Fintech,Mumbai,1.7
1667,goEgoNetwork,Automotive,Pune,2.0
1668,goSTOPS,Hospitality,New Delhi,1.0
1669,i3 Systems,Insurance Tech,Mumbai,1.05
1670,iBus,Telecommuncation,Bangalore,21.0
1671,iMerit,IT,Kolkata,20.0
1672,iMumz,Healthcare,Bangalore,0.3
1673,iNurture,Edtech,Bangalore,1.34
1674,ideaForge,Drone,Mumbai,2.0
1675,immunitoAI,Biotechnology,Bangalore,1.0
1676,inFeedo,SaaS startup,Gurugram,3.2
1677,infra.market,Construction,Thane,125.0
1678,ixamBee,EdTech,New Delhi,0.3
1679,ixigo,IT,Gurugram,53.0
1680,kWh Bikes,Automotive,Bangalore,2.0
1681,leap.club,Community,Gurugram,0.81
1682,mCaffeine,Cosmetics,Mumbai,5.0
1683,mCaffeine,Personal care startup,Mumbai,2.9
1684,moEVing,Logistics,Gurugram,1.0
1685,moneyHOP,Financial Services,London,1.2
1686,peAR,Deeptech,Mumbai,0.3
1687,qZense,AgriTech,Bangalore,0.6
1688,upGrad,EdTech,Mumbai,145.0
